year,Rank blend,Raw blend,Momentum only,Low volatility only,Equal weight universe,SPY buy and hold
2012,0.08536626546924708,0.07614811520047726,0.008076648613872583,0.0761177643857407,0.12479384217703116,0.14056865956415
2013,0.26023789611812176,0.189610176578058,0.19640843209916148,0.10303090548287175,0.09098760182603072,0.3230779073323564
2014,0.1619678476957036,0.13499898777604002,0.12317346644684979,0.1295894405651572,0.11743460071862288,0.13463753473289053
2015,-0.09405910186473943,-0.11541019167042699,-0.10927861742846301,0.02403267769905204,-0.002192829222534831,0.012342762514242267
2016,-0.11260418229064018,-0.06279518216530766,-0.17577824600601022,0.06717816320535275,0.08760657093191693,0.1199794625287427
2017,0.24332206012467594,0.18279269035080326,0.18762870628580886,0.13156019058975477,0.15861226774321335,0.21705355700799434
2018,-0.053803454329144906,-0.005070557566870915,-0.06499793685182609,0.0027779260465048417,-0.04904965177842879,-0.04568982583429515
2019,0.11394287907782874,0.11462016188666202,0.0995173502387594,0.15871512402217713,0.24958478750299373,0.3122385964215959
2020,0.09155912025352642,0.2140911308481801,0.2632907886427578,-0.009346890321986434,0.1922506593418547,0.18331618822926665
2021,0.08650718075913577,0.0933929315412465,0.1547635528600706,-0.004253433623798042,0.13566668162455864,0.28728782529227614
2022,-0.19511572747099404,-0.1833903060565094,-0.18451567717103723,-0.16523997415888025,-0.20222221230943793,-0.18175386958407924
2023,0.11211559509779723,0.11907597511919965,0.17098048783088227,0.11180324237320893,0.18810574908878297,0.2617581144632697
2024,0.22093359048825145,0.1789242597532743,0.2358842326814521,0.1247139015375125,0.11056858974280592,0.24886476207056107
2025,0.3213801149716782,0.3281312588491181,0.31313002380417765,0.07685342831387598,0.19424195678736922,0.17719051276575315
