signal_date,execution_date,turnover,fee_fraction,SPY,QQQ,IWM,EFA,VNQ,GLD,TLT,LQD
2011-12-30,2012-01-03,0.999000999000999,0.0009990009990009994,0.0,0.0,0.0,0.0,0.0,0.0,0.5,0.5
2012-01-31,2012-02-01,0.012842595350601088,1.284259535060074e-05,0.0,0.0,0.0,0.0,0.0,0.0,0.5,0.5
2012-02-29,2012-03-01,1.0160377716095215,0.0010160377716095217,0.0,0.0,0.0,0.0,0.0,0.5,0.5,0.0
2012-03-30,2012-04-02,0.0030131853060475725,3.0131853060474775e-06,0.0,0.0,0.0,0.0,0.0,0.5,0.5,0.0
2012-04-30,2012-05-01,1.0,0.001,0.0,0.0,0.0,0.0,0.0,0.0,0.5,0.5
2012-05-31,2012-06-01,0.04970897270403663,4.9708972704036545e-05,0.0,0.0,0.0,0.0,0.0,0.0,0.5,0.5
2012-06-29,2012-07-02,0.018982353775368423,1.8982353775368665e-05,0.0,0.0,0.0,0.0,0.0,0.0,0.5,0.5
2012-07-31,2012-08-01,0.0028204387268616965,2.8204387268614298e-06,0.0,0.0,0.0,0.0,0.0,0.0,0.5,0.5
2012-08-31,2012-09-04,1.0027373095753789,0.0010027373095753784,0.0,0.5,0.0,0.0,0.0,0.0,0.5,0.0
2012-09-28,2012-10-01,1.998001998001998,0.0019980019980019984,0.5,0.0,0.0,0.0,0.0,0.0,0.0,0.5
2012-10-31,2012-11-01,1.0074389965092947,0.0010074389965092942,0.5,0.0,0.0,0.0,0.0,0.0,0.5,0.0
2012-11-30,2012-12-03,1.0141739098628604,0.0010141739098628603,0.5,0.0,0.0,0.0,0.5,0.0,0.0,0.0
2012-12-31,2013-01-02,0.002878386437522268,2.878386437522601e-06,0.5,0.0,0.0,0.0,0.5,0.0,0.0,0.0
2013-01-31,2013-02-01,0.0023443883419872282,2.3443883419870842e-06,0.5,0.0,0.0,0.0,0.5,0.0,0.0,0.0
2013-02-28,2013-03-01,0.0019149502904071993,1.9149502904071236e-06,0.5,0.0,0.0,0.0,0.5,0.0,0.0,0.0
2013-03-28,2013-04-01,0.0010217298856094953,1.0217298856093381e-06,0.5,0.0,0.0,0.0,0.5,0.0,0.0,0.0
2013-04-30,2013-05-01,1.0,0.0010000000000000007,0.0,0.0,0.0,0.0,0.5,0.0,0.0,0.5
2013-05-31,2013-06-03,1.998001998001998,0.0019980019980019984,0.5,0.0,0.5,0.0,0.0,0.0,0.0,0.0
2013-06-28,2013-07-01,0.005781383916810062,5.781383916810077e-06,0.5,0.0,0.5,0.0,0.0,0.0,0.0,0.0
2013-07-31,2013-08-01,0.006046943801806419,6.046943801806241e-06,0.5,0.0,0.5,0.0,0.0,0.0,0.0,0.0
2013-08-30,2013-09-03,1.0,0.0010000000000000005,0.5,0.5,0.0,0.0,0.0,0.0,0.0,0.0
2013-09-30,2013-10-01,0.008535045722376384,8.535045722376457e-06,0.5,0.5,0.0,0.0,0.0,0.0,0.0,0.0
2013-10-31,2013-11-01,0.00061875649290149,6.187564929017143e-07,0.5,0.5,0.0,0.0,0.0,0.0,0.0,0.0
2013-11-29,2013-12-02,0.0037565127179058173,3.7565127179056182e-06,0.5,0.5,0.0,0.0,0.0,0.0,0.0,0.0
2013-12-31,2014-01-02,0.0026647008129268373,2.664700812926667e-06,0.5,0.5,0.0,0.0,0.0,0.0,0.0,0.0
2014-01-31,2014-02-03,0.007136579055488996,7.1365790554893575e-06,0.5,0.5,0.0,0.0,0.0,0.0,0.0,0.0
2014-02-28,2014-03-03,0.0028996260164141246,2.8996260164142708e-06,0.5,0.5,0.0,0.0,0.0,0.0,0.0,0.0
2014-03-31,2014-04-01,0.012392392120890938,1.2392392120890838e-05,0.5,0.5,0.0,0.0,0.0,0.0,0.0,0.0
2014-04-30,2014-05-01,0.009032741843816137,9.032741843815943e-06,0.5,0.5,0.0,0.0,0.0,0.0,0.0,0.0
2014-05-30,2014-06-02,0.007973212149559171,7.973212149559298e-06,0.5,0.5,0.0,0.0,0.0,0.0,0.0,0.0
2014-06-30,2014-07-01,0.008344593359289745,8.344593359289627e-06,0.5,0.5,0.0,0.0,0.0,0.0,0.0,0.0
2014-07-31,2014-08-01,0.010205758063003504,1.0205758063003535e-05,0.5,0.5,0.0,0.0,0.0,0.0,0.0,0.0
2014-08-29,2014-09-02,0.007103004489328804,7.103004489329105e-06,0.5,0.5,0.0,0.0,0.0,0.0,0.0,0.0
2014-09-30,2014-10-01,1.0,0.0009999999999999998,0.5,0.0,0.0,0.0,0.0,0.0,0.0,0.5
2014-10-31,2014-11-03,1.0,0.0009999999999999998,0.5,0.0,0.0,0.0,0.5,0.0,0.0,0.0
2014-11-28,2014-12-01,1.0044753259677486,0.001004475325967749,0.0,0.0,0.0,0.0,0.5,0.0,0.5,0.0
2014-12-31,2015-01-02,0.006304523478915448,6.304523478915544e-06,0.0,0.0,0.0,0.0,0.5,0.0,0.5,0.0
2015-01-30,2015-02-02,0.015064717384037276,1.5064717384037559e-05,0.0,0.0,0.0,0.0,0.5,0.0,0.5,0.0
2015-02-27,2015-03-02,0.02466268879379648,2.4662688793796697e-05,0.0,0.0,0.0,0.0,0.5,0.0,0.5,0.0
2015-03-31,2015-04-01,1.0,0.0009999999999999998,0.5,0.0,0.0,0.0,0.0,0.0,0.5,0.0
2015-04-30,2015-05-01,1.0,0.0009999999999999996,0.5,0.5,0.0,0.0,0.0,0.0,0.0,0.0
2015-05-29,2015-06-01,0.004229468224077727,4.2294682240776905e-06,0.5,0.5,0.0,0.0,0.0,0.0,0.0,0.0
2015-06-30,2015-07-01,0.003015750158438907,3.015750158438715e-06,0.5,0.5,0.0,0.0,0.0,0.0,0.0,0.0
2015-07-31,2015-08-03,0.011277163577499066,1.1277163577498842e-05,0.5,0.5,0.0,0.0,0.0,0.0,0.0,0.0
2015-08-31,2015-09-01,1.0,0.0010000000000000005,0.5,0.0,0.0,0.0,0.0,0.0,0.5,0.0
2015-09-30,2015-10-01,1.0,0.0010000000000000002,0.0,0.0,0.0,0.0,0.0,0.0,0.5,0.5
2015-10-30,2015-11-02,1.998001998001998,0.001998001998001998,0.5,0.0,0.0,0.0,0.5,0.0,0.0,0.0
2015-11-30,2015-12-01,1.0,0.0010000000000000005,0.5,0.0,0.5,0.0,0.0,0.0,0.0,0.0
2015-12-31,2016-01-04,1.0,0.0009999999999999998,0.5,0.0,0.0,0.0,0.0,0.0,0.0,0.5
2016-01-29,2016-02-01,0.017954215543051433,1.795421554305143e-05,0.5,0.0,0.0,0.0,0.0,0.0,0.0,0.5
2016-02-29,2016-03-01,1.9980019980019978,0.0019980019980019984,0.0,0.0,0.0,0.0,0.0,0.5,0.5,0.0
2016-03-31,2016-04-01,0.013296863849280548,1.3296863849280183e-05,0.0,0.0,0.0,0.0,0.0,0.5,0.5,0.0
2016-04-29,2016-05-02,0.03632166842600615,3.632166842600657e-05,0.0,0.0,0.0,0.0,0.0,0.5,0.5,0.0
2016-05-31,2016-06-01,1.0,0.001,0.0,0.0,0.0,0.0,0.0,0.0,0.5,0.5
2016-06-30,2016-07-01,0.02089310077809135,2.089310077809129e-05,0.0,0.0,0.0,0.0,0.0,0.0,0.5,0.5
2016-07-29,2016-08-01,1.0019192744246115,0.0010019192744246117,0.0,0.0,0.0,0.0,0.0,0.5,0.5,0.0
2016-08-31,2016-09-01,1.0,0.001,0.0,0.0,0.0,0.0,0.5,0.0,0.5,0.0
2016-09-30,2016-10-03,1.006625996008381,0.0010066259960083807,0.0,0.0,0.0,0.0,0.5,0.5,0.0,0.0
2016-10-31,2016-11-01,1.998001998001998,0.0019980019980019984,0.0,0.0,0.0,0.0,0.0,0.0,0.5,0.5
2016-11-30,2016-12-01,1.9980019980019983,0.001998001998001998,0.5,0.0,0.0,0.0,0.0,0.5,0.0,0.0
2016-12-30,2017-01-03,1.0,0.0009999999999999998,0.5,0.0,0.0,0.0,0.0,0.0,0.0,0.5
2017-01-31,2017-02-01,1.0,0.001,0.5,0.5,0.0,0.0,0.0,0.0,0.0,0.0
2017-02-28,2017-03-01,0.0026207290953117277,2.6207290953115217e-06,0.5,0.5,0.0,0.0,0.0,0.0,0.0,0.0
2017-03-31,2017-04-03,0.011495251045538155,1.1495251045538344e-05,0.5,0.5,0.0,0.0,0.0,0.0,0.0,0.0
2017-04-28,2017-05-01,0.01111575003741863,1.1115750037418801e-05,0.5,0.5,0.0,0.0,0.0,0.0,0.0,0.0
2017-05-31,2017-06-01,0.006920597270005,6.920597270005259e-06,0.5,0.5,0.0,0.0,0.0,0.0,0.0,0.0
2017-06-30,2017-07-03,0.019025315536223286,1.9025315536223226e-05,0.5,0.5,0.0,0.0,0.0,0.0,0.0,0.0
2017-07-31,2017-08-01,0.015910573663228195,1.591057366322851e-05,0.5,0.5,0.0,0.0,0.0,0.0,0.0,0.0
2017-08-31,2017-09-01,1.006370096759358,0.0010063700967593578,0.5,0.0,0.0,0.5,0.0,0.0,0.0,0.0
2017-09-29,2017-10-02,1.0,0.0009999999999999996,0.5,0.5,0.0,0.0,0.0,0.0,0.0,0.0
2017-10-31,2017-11-01,1.0107534289308464,0.0010107534289308467,0.5,0.0,0.0,0.5,0.0,0.0,0.0,0.0
2017-11-30,2017-12-01,0.012422153795505732,1.2422153795506057e-05,0.5,0.0,0.0,0.5,0.0,0.0,0.0,0.0
2017-12-29,2018-01-02,0.0017521059631311828,1.7521059631308946e-06,0.5,0.0,0.0,0.5,0.0,0.0,0.0,0.0
2018-01-31,2018-02-01,0.001051345578328654,1.051345578328717e-06,0.5,0.0,0.0,0.5,0.0,0.0,0.0,0.0
2018-02-28,2018-03-01,0.00939015336476148,9.390153364761174e-06,0.5,0.0,0.0,0.5,0.0,0.0,0.0,0.0
2018-03-29,2018-04-02,0.014797305484861781,1.4797305484861353e-05,0.5,0.0,0.0,0.5,0.0,0.0,0.0,0.0
2018-04-30,2018-05-01,1.0006596793353122,0.0010006596793353125,0.0,0.0,0.0,0.5,0.0,0.0,0.0,0.5
2018-05-31,2018-06-01,1.0054767689154989,0.0010054767689154987,0.5,0.0,0.0,0.5,0.0,0.0,0.0,0.0
2018-06-29,2018-07-02,0.015912263561773842,1.5912263561774276e-05,0.5,0.0,0.0,0.5,0.0,0.0,0.0,0.0
2018-07-31,2018-08-01,0.0001958711583699949,1.958711583704108e-07,0.5,0.0,0.0,0.5,0.0,0.0,0.0,0.0
2018-08-31,2018-09-04,1.0,0.0010000000000000005,0.5,0.0,0.0,0.0,0.0,0.0,0.0,0.5
2018-09-28,2018-10-01,0.006032173690140445,6.032173690140396e-06,0.5,0.0,0.0,0.0,0.0,0.0,0.0,0.5
2018-10-31,2018-11-01,0.02409062366399646,2.4090623663996794e-05,0.5,0.0,0.0,0.0,0.0,0.0,0.0,0.5
2018-11-30,2018-12-03,0.011926893028740415,1.1926893028740578e-05,0.5,0.0,0.0,0.0,0.0,0.0,0.0,0.5
2018-12-31,2019-01-02,1.998001998001998,0.0019980019980019984,0.0,0.0,0.0,0.0,0.0,0.5,0.5,0.0
2019-01-31,2019-02-01,1.0156450327026385,0.0010156450327026387,0.0,0.0,0.0,0.0,0.0,0.0,0.5,0.5
2019-02-28,2019-03-01,1.0068350319647772,0.0010068350319647767,0.0,0.0,0.0,0.0,0.5,0.0,0.5,0.0
2019-03-29,2019-04-01,0.002687444602524052,2.6874446025239827e-06,0.0,0.0,0.0,0.0,0.5,0.0,0.5,0.0
2019-04-30,2019-05-01,1.0,0.0010000000000000002,0.0,0.0,0.0,0.0,0.5,0.0,0.0,0.5
2019-05-31,2019-06-03,1.0,0.0010000000000000005,0.0,0.0,0.0,0.0,0.0,0.0,0.5,0.5
2019-06-28,2019-07-01,1.0,0.0010000000000000005,0.0,0.0,0.0,0.0,0.5,0.0,0.0,0.5
2019-07-31,2019-08-01,1.9980019980019983,0.001998001998001998,0.0,0.0,0.0,0.0,0.0,0.5,0.5,0.0
2019-08-30,2019-09-03,0.010100053963041889,1.01000539630418e-05,0.0,0.0,0.0,0.0,0.0,0.5,0.5,0.0
2019-09-30,2019-10-01,0.008722863929662211,8.722863929661822e-06,0.0,0.0,0.0,0.0,0.0,0.5,0.5,0.0
2019-10-31,2019-11-01,0.019022756729879495,1.9022756729879336e-05,0.0,0.0,0.0,0.0,0.0,0.5,0.5,0.0
2019-11-29,2019-12-02,0.009806154157329846,9.806154157329916e-06,0.0,0.0,0.0,0.0,0.0,0.5,0.5,0.0
2019-12-31,2020-01-02,1.9980019980019978,0.001998001998001998,0.5,0.0,0.0,0.5,0.0,0.0,0.0,0.0
2020-01-31,2020-02-03,1.998001998001998,0.0019980019980019984,0.0,0.0,0.0,0.0,0.0,0.5,0.0,0.5
2020-02-28,2020-03-02,1.0,0.0010000000000000002,0.0,0.0,0.0,0.0,0.0,0.0,0.5,0.5
2020-03-31,2020-04-01,1.0,0.0010000000000000005,0.0,0.0,0.0,0.0,0.0,0.5,0.5,0.0
2020-04-30,2020-05-01,0.03004448317411539,3.0044483174115635e-05,0.0,0.0,0.0,0.0,0.0,0.5,0.5,0.0
2020-05-29,2020-06-01,1.0,0.0010000000000000005,0.0,0.0,0.0,0.0,0.0,0.5,0.0,0.5
2020-06-30,2020-07-01,0.003755329392050768,3.7553293920507785e-06,0.0,0.0,0.0,0.0,0.0,0.5,0.0,0.5
2020-07-31,2020-08-03,1.0,0.0009999999999999998,0.0,0.0,0.0,0.0,0.0,0.5,0.5,0.0
2020-08-31,2020-09-01,1.0,0.0010000000000000002,0.0,0.0,0.0,0.0,0.0,0.5,0.0,0.5
2020-09-30,2020-10-01,0.01349415562128864,1.3494155621289037e-05,0.0,0.0,0.0,0.0,0.0,0.5,0.0,0.5
2020-10-30,2020-11-02,1.0,0.0010000000000000002,0.0,0.0,0.0,0.0,0.0,0.5,0.5,0.0
2020-11-30,2020-12-01,1.0182825756662504,0.0010182825756662503,0.0,0.5,0.0,0.0,0.0,0.5,0.0,0.0
2020-12-31,2021-01-04,0.024023631353352514,2.40236313533526e-05,0.0,0.5,0.0,0.0,0.0,0.5,0.0,0.0
2021-01-29,2021-02-01,0.043449304797438054,4.344930479743783e-05,0.0,0.5,0.0,0.0,0.0,0.5,0.0,0.0
2021-02-26,2021-03-01,0.039632858005213815,3.9632858005213694e-05,0.0,0.5,0.0,0.0,0.0,0.5,0.0,0.0
2021-03-31,2021-04-01,1.9980019980019976,0.0019980019980019984,0.5,0.0,0.0,0.0,0.0,0.0,0.0,0.5
2021-04-30,2021-05-03,1.0,0.001,0.5,0.0,0.0,0.5,0.0,0.0,0.0,0.0
2021-05-28,2021-06-01,0.011675687169382066,1.1675687169381777e-05,0.5,0.0,0.0,0.5,0.0,0.0,0.0,0.0
2021-06-30,2021-07-01,1.0,0.0009999999999999998,0.5,0.0,0.0,0.0,0.0,0.0,0.0,0.5
2021-07-30,2021-08-02,0.0006779964058308073,6.779964058308169e-07,0.5,0.0,0.0,0.0,0.0,0.0,0.0,0.5
2021-08-31,2021-09-01,0.018500699056898023,1.850069905689816e-05,0.5,0.0,0.0,0.0,0.0,0.0,0.0,0.5
2021-09-30,2021-10-01,0.013603620018061676,1.3603620018061686e-05,0.5,0.0,0.0,0.0,0.0,0.0,0.0,0.5
2021-10-29,2021-11-01,0.03071548975310368,3.07154897531037e-05,0.5,0.0,0.0,0.0,0.0,0.0,0.0,0.5
2021-11-30,2021-12-01,1.0098397158496957,0.0010098397158496955,0.5,0.5,0.0,0.0,0.0,0.0,0.0,0.0
2021-12-31,2022-01-03,1.0000000000000002,0.0010000000000000005,0.5,0.0,0.0,0.5,0.0,0.0,0.0,0.0
2022-01-31,2022-02-01,0.009592527794883291,9.592527794882991e-06,0.5,0.0,0.0,0.5,0.0,0.0,0.0,0.0
2022-02-28,2022-03-01,1.0,0.0010000000000000002,0.5,0.0,0.0,0.0,0.0,0.5,0.0,0.0
2022-03-31,2022-04-01,0.033397607460396724,3.3397607460396775e-05,0.5,0.0,0.0,0.0,0.0,0.5,0.0,0.0
2022-04-29,2022-05-02,1.0,0.0010000000000000005,0.0,0.0,0.0,0.0,0.5,0.5,0.0,0.0
2022-05-31,2022-06-01,1.0,0.001,0.5,0.0,0.0,0.0,0.0,0.5,0.0,0.0
2022-06-30,2022-07-01,1.0,0.0010000000000000002,0.0,0.0,0.0,0.0,0.0,0.5,0.0,0.5
2022-07-29,2022-08-01,0.026313280697328693,2.631328069732868e-05,0.0,0.0,0.0,0.0,0.0,0.5,0.0,0.5
2022-08-31,2022-09-01,0.00447999701796819,4.479997017968561e-06,0.0,0.0,0.0,0.0,0.0,0.5,0.0,0.5
2022-09-30,2022-10-03,0.020413576786106925,2.0413576786106665e-05,0.0,0.0,0.0,0.0,0.0,0.5,0.0,0.5
2022-10-31,2022-11-01,0.006615314978249292,6.615314978249392e-06,0.0,0.0,0.0,0.0,0.0,0.5,0.0,0.5
2022-11-30,2022-12-01,1.0,0.0009999999999999996,0.0,0.0,0.0,0.5,0.0,0.5,0.0,0.0
2022-12-30,2023-01-03,1.0,0.0010000000000000005,0.0,0.0,0.0,0.0,0.0,0.5,0.0,0.5
2023-01-31,2023-02-01,1.0,0.0010000000000000005,0.0,0.0,0.0,0.5,0.0,0.5,0.0,0.0
2023-02-28,2023-03-01,0.013558446508252399,1.3558446508252135e-05,0.0,0.0,0.0,0.5,0.0,0.5,0.0,0.0
2023-03-31,2023-04-03,1.0,0.0010000000000000002,0.0,0.0,0.0,0.0,0.0,0.5,0.0,0.5
2023-04-28,2023-05-01,1.0,0.0009999999999999998,0.0,0.0,0.0,0.5,0.0,0.5,0.0,0.0
2023-05-31,2023-06-01,0.011754226840233561,1.1754226840233759e-05,0.0,0.0,0.0,0.5,0.0,0.5,0.0,0.0
2023-06-30,2023-07-03,1.0,0.0010000000000000007,0.5,0.0,0.0,0.5,0.0,0.0,0.0,0.0
2023-07-31,2023-08-01,1.0054855564116323,0.001005485556411632,0.0,0.0,0.0,0.5,0.0,0.5,0.0,0.0
2023-08-31,2023-09-01,0.013096506304688876,1.3096506304688482e-05,0.0,0.0,0.0,0.5,0.0,0.5,0.0,0.0
2023-09-29,2023-10-02,0.004227955095818952,4.227955095818715e-06,0.0,0.0,0.0,0.5,0.0,0.5,0.0,0.0
2023-10-31,2023-11-01,1.0,0.0010000000000000005,0.0,0.0,0.0,0.0,0.0,0.5,0.0,0.5
2023-11-30,2023-12-01,1.0117341265931075,0.0010117341265931071,0.5,0.0,0.0,0.0,0.0,0.5,0.0,0.0
2023-12-29,2024-01-02,1.0,0.001,0.5,0.5,0.0,0.0,0.0,0.0,0.0,0.0
2024-01-31,2024-02-01,0.006192878460840629,6.1928784608404445e-06,0.5,0.5,0.0,0.0,0.0,0.0,0.0,0.0
2024-02-29,2024-03-01,0.0037555557326629544,3.7555557326628304e-06,0.5,0.5,0.0,0.0,0.0,0.0,0.0,0.0
2024-03-28,2024-04-01,0.01062629272666565,1.0626292726665947e-05,0.5,0.5,0.0,0.0,0.0,0.0,0.0,0.0
2024-04-30,2024-05-01,0.005714338165122676,5.714338165122621e-06,0.5,0.5,0.0,0.0,0.0,0.0,0.0,0.0
2024-05-31,2024-06-03,0.009450931852600883,9.450931852600982e-06,0.5,0.5,0.0,0.0,0.0,0.0,0.0,0.0
2024-06-28,2024-07-01,0.013636264982873054,1.3636264982872912e-05,0.5,0.5,0.0,0.0,0.0,0.0,0.0,0.0
2024-07-31,2024-08-01,1.0,0.0009999999999999998,0.5,0.0,0.0,0.0,0.0,0.5,0.0,0.0
2024-08-30,2024-09-03,0.0016287035103224182,1.6287035103225258e-06,0.5,0.0,0.0,0.0,0.0,0.5,0.0,0.0
2024-09-30,2024-10-01,0.015910567407446164,1.5910567407446178e-05,0.5,0.0,0.0,0.0,0.0,0.5,0.0,0.0
2024-10-31,2024-11-01,0.011649675264388067,1.1649675264388105e-05,0.5,0.0,0.0,0.0,0.0,0.5,0.0,0.0
2024-11-29,2024-12-02,1.0,0.0010000000000000002,0.5,0.0,0.0,0.0,0.0,0.0,0.0,0.5
2024-12-31,2025-01-02,1.0,0.0010000000000000002,0.5,0.0,0.0,0.0,0.0,0.5,0.0,0.0
2025-01-31,2025-02-03,0.017633091355941034,1.7633091355941013e-05,0.5,0.0,0.0,0.0,0.0,0.5,0.0,0.0
2025-02-28,2025-03-03,0.024756271236629258,2.4756271236628987e-05,0.5,0.0,0.0,0.0,0.0,0.5,0.0,0.0
2025-03-31,2025-04-01,0.05595548629578845,5.595548629578868e-05,0.5,0.0,0.0,0.0,0.0,0.5,0.0,0.0
2025-04-30,2025-05-01,1.0,0.0010000000000000007,0.0,0.0,0.0,0.5,0.0,0.5,0.0,0.0
2025-05-30,2025-06-02,0.006979546925330954,6.9795469253308194e-06,0.0,0.0,0.0,0.5,0.0,0.5,0.0,0.0
2025-06-30,2025-07-01,0.012333029945332911,1.233302994533289e-05,0.0,0.0,0.0,0.5,0.0,0.5,0.0,0.0
2025-07-31,2025-08-01,1.0,0.0010000000000000002,0.0,0.0,0.0,0.0,0.0,0.5,0.0,0.5
2025-08-29,2025-09-02,1.0,0.0010000000000000005,0.0,0.0,0.0,0.5,0.0,0.5,0.0,0.0
2025-09-30,2025-10-01,0.02540777134454914,2.540777134454929e-05,0.0,0.0,0.0,0.5,0.0,0.5,0.0,0.0
2025-10-31,2025-11-03,0.015524286046166269,1.5524286046166628e-05,0.0,0.0,0.0,0.5,0.0,0.5,0.0,0.0
2025-11-28,2025-12-01,0.026642372453663837,2.6642372453664173e-05,0.0,0.0,0.0,0.5,0.0,0.5,0.0,0.0
