lookback,top_n,momentum_weight,cost_bps,total_return,cagr,annual_volatility,sharpe_rf0,max_drawdown,annual_traded_notional,observations
126,2,0.25,0,1.4385886314359122,0.06589788476215763,0.08889736512419381,0.7624103169341561,-0.22763622112317405,4.492991165044129,3520
126,2,0.25,10,1.2902390451765129,0.06111925350348302,0.0889061098331957,0.7117932124082782,-0.23006247050103634,4.49099699096623,3520
126,2,0.25,25,1.084421887603774,0.05398995256462591,0.08901363659910479,0.6352920757321872,-0.23368613954149509,4.488144327758931,3520
126,2,0.5,0,1.772280568344208,0.07572959363908516,0.1229403387979765,0.6553961039629379,-0.3080646411245519,8.598550884148837,3520
126,2,0.5,10,1.4584995165499337,0.06651858931693777,0.12299798572687315,0.5852158391349861,-0.3156645946426311,8.593722002313342,3520
126,2,0.5,25,1.0530375729382255,0.052845821581742225,0.12325278397622866,0.4795563098158224,-0.3269146399687508,8.586654238205249,3520
126,2,0.75,0,1.8382181684995018,0.0775413847560027,0.14499466962474555,0.5878494785269501,-0.34258125316553,8.388300710852102,3520
126,2,0.75,10,1.5243749438710772,0.06853944935667933,0.14506530817769367,0.5297919229294356,-0.3569369603906145,8.383914171331242,3520
126,2,0.75,25,1.117352854936621,0.05517339915465347,0.14530387890120683,0.4425185189272537,-0.3778872889318651,8.377438824349158,3520
126,3,0.25,0,0.9098056747322378,0.047408926412098484,0.09618386118155313,0.5297534262763435,-0.28836146855574085,3.997547994157784,3520
126,3,0.25,10,0.8060845357141566,0.043230107172808285,0.09619440449214764,0.48814133186726816,-0.29227183330472806,3.996261639970253,3520
126,3,0.25,25,0.6609496530479526,0.03699227196973287,0.09626314758776204,0.42555196821938124,-0.3013864457773142,3.994501512376907,3520
126,3,0.5,0,1.871971293389202,0.07845376139429439,0.10852870051661659,0.7503286163028124,-0.29343292312285796,6.258602768050114,3520
126,3,0.5,10,1.6315354492496423,0.07172450359545834,0.10855407829719982,0.692503874587539,-0.30102587098309186,6.256293487276375,3520
126,3,0.5,25,1.307984200765505,0.061705748045737474,0.10869208367949344,0.6053328027128163,-0.31226670715283833,6.253145148282938,3520
126,3,0.75,0,2.3775127923289254,0.09104519239724218,0.1308234179222856,0.7317008582190507,-0.27905466048068384,6.437778616949102,3520
126,3,0.75,10,2.087012407304079,0.08404296977668779,0.13082985248790402,0.6824447758624362,-0.2844519506895202,6.435697815760005,3520
126,3,0.75,25,1.6973008560794831,0.07362008310409185,0.13091983271175062,0.6082526084311625,-0.2924734426746005,6.432753640358003,3520
252,2,0.25,0,1.26388645354056,0.060240442773081604,0.09107742181647689,0.6878561876490088,-0.2514231220026527,2.1467578552263835,3520
252,2,0.25,10,1.1970012193185782,0.05796656234835296,0.0910848596693586,0.6642311655464992,-0.25616111113832973,2.1459743275280316,3520
252,2,0.25,25,1.1003243622689673,0.05456359355233009,0.09113727177381718,0.6285445012977792,-0.2632119572829169,2.1449444508624014,3520
252,2,0.5,0,2.1327761011251702,0.08518562826304255,0.12194631121156578,0.7315461838375867,-0.2690397824967473,6.325409624961605,3520
252,2,0.5,10,1.8678152698295194,0.0783419594841428,0.12198447811654681,0.6794785309254721,-0.27207601144134963,6.322506042893785,3520
252,2,0.5,25,1.5116503554202598,0.06815294299884322,0.12215921531374378,0.6009464522390446,-0.2841560430326586,6.318268246032895,3520
252,2,0.75,0,2.58917733592743,0.09580326632608949,0.14297633288941733,0.7115762178893382,-0.3245826729905934,6.627829388028028,3520
252,2,0.75,10,2.2717738751137007,0.088563587412541,0.1429108662154127,0.6654402349040468,-0.3386832070062019,6.624731245721085,3520
252,2,0.75,25,1.8473895713031414,0.07779028838997903,0.14291388492050733,0.5958160541042712,-0.3592924528960607,6.620099958739064,3520
252,3,0.25,0,1.3484754368881524,0.06302850050820474,0.09563301231589365,0.6870696459594995,-0.2861053708108833,2.532365472855232,3520
252,3,0.25,10,1.2668535164505212,0.060339861976601794,0.0956610664492006,0.6604177912098061,-0.29159415623718943,2.5315448100776443,3520
252,3,0.25,25,1.149701368598032,0.056319392054017925,0.0957371249166684,0.6202811673954559,-0.29974834949295404,2.530316404474217,3520
252,3,0.5,0,1.972503825336592,0.08111343488900569,0.10972049829325403,0.7657921583009417,-0.24126201377407142,4.985686272487557,3520
252,3,0.5,10,1.77250438786173,0.07573581099160509,0.10973902974244418,0.720228919199101,-0.24440913490773108,4.984461862482156,3520
252,3,0.5,25,1.497330431852021,0.06771579856955312,0.10983682913524989,0.6515377428640954,-0.2494557383482695,4.982688238087484,3520
252,3,0.75,0,1.9425846305810146,0.08033073685699921,0.13236574368281917,0.6500929907015564,-0.26583998359058003,5.213568935868279,3520
252,3,0.75,10,1.7358758331186617,0.07471207248191458,0.13230815625669148,0.6108969361131169,-0.2688849838268086,5.21235433113644,3520
252,3,0.75,25,1.4525899216422067,0.06633485132396078,0.13227968778969332,0.5518283538114661,-0.2734324758477419,5.210705195734407,3520
