strategy,period,total_return,cagr,annual_volatility,sharpe_rf0,max_drawdown,annual_traded_notional,observations
Rank blend,2012-2019,0.6744343620705648,0.06669227322395233,0.10918703909097299,0.6461035976057361,-0.2643797972333155,6.34235934588334,2012
Rank blend,2020-2025,0.7127068906321685,0.09408353497610111,0.13724435730076867,0.7238889330410104,-0.2720760114413492,6.296017418480664,1508
Raw blend,2012-2019,0.5800704372340404,0.0589706628738067,0.11774700278171656,0.5456988133191051,-0.24544503444404198,5.850187350210169,2012
Raw blend,2020-2025,0.8994530129251312,0.11316942809550623,0.15218469969288276,0.7808575177822865,-0.25519469012112306,4.4786663659507875,1508
Momentum only,2012-2019,0.21423053057188213,0.024610006998795564,0.13161167676404237,0.2506890596020007,-0.32467178193227364,7.105192189928675,2012
Momentum only,2020-2025,1.2607221801208963,0.14603480456228057,0.16040247776867622,0.9303599497355433,-0.27759585093849937,5.168700798166771,1508
Low volatility only,2012-2019,0.9265396529887853,0.08559544871855973,0.07646745838177527,1.1124651986229606,-0.12018624024749291,1.5296828216705853,2012
Low volatility only,2020-2025,0.10881390318332085,0.01741064019743188,0.11986190387878587,0.20420464386129022,-0.2711607767311758,1.984695032161247,1508
Equal weight universe,2012-2019,1.0487784508413451,0.09399234719489136,0.08061280884706434,1.154908523001466,-0.11667909334777216,0.4133726338787975,2012
Equal weight universe,2020-2025,0.7021318748145451,0.09295174156911812,0.14381655115259045,0.6902395328267773,-0.26173343497840595,0.31072567810740265,1508
SPY buy and hold,2012-2019,1.958786922203434,0.14552952513777062,0.1279099001449202,1.1265326831552662,-0.19348917512800146,0.1251233855607613,2012
SPY buy and hold,2020-2025,1.3120578661629683,0.15034303913750602,0.20744357747236375,0.7793240272062691,-0.33717252250854013,0.0,1508
